-- Seed data mirrors the prototype's sim-7f2a Run-detail view.
-- Hashes are illustrative (not actual sha1) for readability.

INSERT INTO bs_project (id, name, env) VALUES
  ('p_default', 'gpu-cluster-2026h2', 'prod');

-- ===== Specs (one of each kind) =====
INSERT INTO bs_spec (id, kind, name, project_id, latest_hash) VALUES
  ('hwspec_topo_b1',   'hwspec',   'topo-beijing-b1',     'p_default', '0000000000000000000000000000000000000004'),
  ('model_moe256e',    'model',    'Llama-3.1-405B',                'p_default', '0000000000000000000000000000000000000102'),
  ('strategy_moescan', 'strategy', 'Astra-sim · Dense 训练策略',     'p_default', '0000000000000000000000000000000000000202'),
  ('workload_train',   'workload', 'Llama-3.1-405B 预训练 (FP8)',    'p_default', '0000000000000000000000000000000000000301');

INSERT INTO bs_spec_version (hash, spec_id, parent_hash, version_tag, body) VALUES
  ('0000000000000000000000000000000000000003', 'hwspec_topo_b1', NULL, 'v3',
    '{"cluster":"H200 NVL × 32 · 1024 GPU","gpu":"Hopper H200 · HBM3e 141 GB · 4.8 TB/s · 989 TF (BF16)","interconnect":{"scale_up":"NVLink-4 · 900 GB/s · 32 GPU 域","scale_out":"InfiniBand NDR · 400 Gbps · Fat-tree"},"power":{"peak_kw":680,"pue":1.22}}'::jsonb),
  ('0000000000000000000000000000000000000004', 'hwspec_topo_b1', '0000000000000000000000000000000000000003', 'v4',
    '{"cluster":"B200-NVL HGX × 32 + H200 × 8 · 320 GPU","gpu":"Blackwell B200 (192 GB HBM3e · 1979 TF BF16) + Hopper H200 (141 GB · 989 TF)","interconnect":{"scale_up":"NVLink-5 · 1.8 TB/s · 8-GPU full-mesh","scale_out":"InfiniBand NDR · 400 Gbps · 8-rail rail-optimized"},"storage":"16 × 200 TB Lustre/Weka NVMe · 读 80 GB/s · S3 冷热分层","power":{"peak_kw":3500,"pue":1.18},"server_templates":[{"id":"tpl-gpu-b200","name":"8× B200 HGX (训练)","kind":"gpu","gpu_model":"B200","gpu_count":8,"nic":"CX-7","tdp_kw":11.0,"cpu_model":"Intel Xeon Platinum 8480+","cpu_sockets":2,"ram_gb":2048,"storage_tb":30,"gpu_mem_gb":192,"form_factor":"HGX 8-GPU 4U"},{"id":"tpl-gpu-h200","name":"8× H200 HGX (推理 / 微调)","kind":"gpu","gpu_model":"H200","gpu_count":8,"nic":"CX-7","tdp_kw":6.5,"cpu_model":"Intel Xeon Platinum 8480+","cpu_sockets":2,"ram_gb":2048,"storage_tb":30,"gpu_mem_gb":141,"form_factor":"HGX 8-GPU 4U"},{"id":"tpl-cpu","name":"通用 CPU 节点 (调度 / 数据预处理)","kind":"cpu","gpu_model":"B200","gpu_count":0,"nic":"CX-7","tdp_kw":1.5,"cpu_model":"Intel Xeon Platinum 8480+","cpu_sockets":2,"ram_gb":512,"storage_tb":4,"gpu_mem_gb":0,"form_factor":"HGX 8-GPU 4U"},{"id":"tpl-stor","name":"存储节点 (Lustre / Weka)","kind":"storage","gpu_model":"B200","gpu_count":0,"nic":"CX-7","tdp_kw":2.0,"cpu_model":"Intel Xeon Platinum 8480+","cpu_sockets":2,"ram_gb":256,"storage_tb":192,"disk_count":12,"disk_capacity_tb":16,"gpu_mem_gb":0,"form_factor":"HGX 8-GPU 4U"}],"datacenter":{"id":"beijing-b1","name":"北京 B1 · LLaMA-3.1 / DeepSeek-V3 训练机房","scale_out_fabrics":[{"id":"compute-net","name":"Compute Net","kind":"infiniband","topology":"rail-optimized","spines":[{"id":"Spine-1","status":"ok","port_count":64,"bandwidth_per_port_gbps":400},{"id":"Spine-2","status":"ok","port_count":64,"bandwidth_per_port_gbps":400},{"id":"Spine-3","status":"ok","port_count":64,"bandwidth_per_port_gbps":400},{"id":"Spine-4","status":"ok","port_count":64,"bandwidth_per_port_gbps":400},{"id":"Spine-5","status":"ok","port_count":64,"bandwidth_per_port_gbps":400},{"id":"Spine-6","status":"ok","port_count":64,"bandwidth_per_port_gbps":400},{"id":"Spine-7","status":"ok","port_count":64,"bandwidth_per_port_gbps":400},{"id":"Spine-8","status":"ok","port_count":64,"bandwidth_per_port_gbps":400}],"rails":[{"id":"rail-1","name":"Rail 1","spine_ids":["Spine-1"]},{"id":"rail-2","name":"Rail 2","spine_ids":["Spine-2"]},{"id":"rail-3","name":"Rail 3","spine_ids":["Spine-3"]},{"id":"rail-4","name":"Rail 4","spine_ids":["Spine-4"]},{"id":"rail-5","name":"Rail 5","spine_ids":["Spine-5"]},{"id":"rail-6","name":"Rail 6","spine_ids":["Spine-6"]},{"id":"rail-7","name":"Rail 7","spine_ids":["Spine-7"]},{"id":"rail-8","name":"Rail 8","spine_ids":["Spine-8"]}]}],"clusters":[{"id":"C01","name":"主训练集群 (256× B200)","purpose":"训练","topology":"rail-optimized","interconnect":"InfiniBand NDR · 400 Gbps · 8-rail","pue":1.18,"scale_up_domains":[{"id":"sud-nvl-R01","name":"NVL72-R01","kind":"nvlink-switch","bandwidth_gbps":1800,"intra_topology":"switch","switch_count":9,"members":[{"server_id":"srv-train-001"},{"server_id":"srv-train-002"},{"server_id":"srv-train-003"},{"server_id":"srv-train-004"}]},{"id":"sud-nvl-R02","name":"NVL72-R02","kind":"nvlink-switch","bandwidth_gbps":1800,"intra_topology":"switch","switch_count":9,"members":[{"server_id":"srv-train-005"},{"server_id":"srv-train-006"},{"server_id":"srv-train-007"},{"server_id":"srv-train-008"}]},{"id":"sud-nvl-R03","name":"NVL72-R03","kind":"nvlink-switch","bandwidth_gbps":1800,"intra_topology":"switch","switch_count":9,"members":[{"server_id":"srv-train-009"},{"server_id":"srv-train-010"},{"server_id":"srv-train-011"},{"server_id":"srv-train-012"}]},{"id":"sud-nvl-R04","name":"NVL72-R04","kind":"nvlink-switch","bandwidth_gbps":1800,"intra_topology":"switch","switch_count":9,"members":[{"server_id":"srv-train-013"},{"server_id":"srv-train-014"},{"server_id":"srv-train-015"},{"server_id":"srv-train-016"}]},{"id":"sud-nvl-R05","name":"NVL72-R05","kind":"nvlink-switch","bandwidth_gbps":1800,"intra_topology":"switch","switch_count":9,"members":[{"server_id":"srv-train-017"},{"server_id":"srv-train-018"},{"server_id":"srv-train-019"},{"server_id":"srv-train-020"}]},{"id":"sud-nvl-R06","name":"NVL72-R06","kind":"nvlink-switch","bandwidth_gbps":1800,"intra_topology":"switch","switch_count":9,"members":[{"server_id":"srv-train-021"},{"server_id":"srv-train-022"},{"server_id":"srv-train-023"},{"server_id":"srv-train-024"}]},{"id":"sud-nvl-R07","name":"NVL72-R07","kind":"nvlink-switch","bandwidth_gbps":1800,"intra_topology":"switch","switch_count":9,"members":[{"server_id":"srv-train-025"},{"server_id":"srv-train-026"},{"server_id":"srv-train-027"},{"server_id":"srv-train-028"}]},{"id":"sud-nvl-R08","name":"NVL72-R08","kind":"nvlink-switch","bandwidth_gbps":1800,"intra_topology":"switch","switch_count":9,"members":[{"server_id":"srv-train-029"},{"server_id":"srv-train-030"},{"server_id":"srv-train-031"},{"server_id":"srv-train-032"}]}],"racks":[{"id":"R01","name":"训练机柜 1","status":"ok","rack_u":48,"rated_power_kw":60,"cooling":"直接液冷","tor_switch":"Mellanox SN5600","location":"B1-2-A-1","leaves":[{"id":"Leaf-01A","name":"R01-Rail1-4","status":"ok","fabric_id":"compute-net","port_count":48,"bandwidth_per_port_gbps":400,"uplinks":[{"spine":"Spine-1","util_pct":41,"lanes":2,"bandwidth_gbps":400},{"spine":"Spine-2","util_pct":43,"lanes":2,"bandwidth_gbps":400},{"spine":"Spine-3","util_pct":45,"lanes":2,"bandwidth_gbps":400},{"spine":"Spine-4","util_pct":47,"lanes":2,"bandwidth_gbps":400}]},{"id":"Leaf-01B","name":"R01-Rail5-8","status":"ok","fabric_id":"compute-net","port_count":48,"bandwidth_per_port_gbps":400,"uplinks":[{"spine":"Spine-5","util_pct":36,"lanes":2,"bandwidth_gbps":400},{"spine":"Spine-6","util_pct":38,"lanes":2,"bandwidth_gbps":400},{"spine":"Spine-7","util_pct":40,"lanes":2,"bandwidth_gbps":400},{"spine":"Spine-8","util_pct":42,"lanes":2,"bandwidth_gbps":400}]}],"servers":[{"id":"srv-train-001","name":"训练节点 #001","kind":"gpu","gpu_model":"B200","gpu_count":8,"nic":"CX-7","status":"ok","tdp_kw":11.0,"cpu_model":"Intel Xeon Platinum 8480+","cpu_sockets":2,"ram_gb":2048,"storage_tb":30,"gpu_mem_gb":192,"form_factor":"HGX 8-GPU 4U"},{"id":"srv-train-002","name":"训练节点 #002","kind":"gpu","gpu_model":"B200","gpu_count":8,"nic":"CX-7","status":"ok","tdp_kw":11.0,"cpu_model":"Intel Xeon Platinum 8480+","cpu_sockets":2,"ram_gb":2048,"storage_tb":30,"gpu_mem_gb":192,"form_factor":"HGX 8-GPU 4U"},{"id":"srv-train-003","name":"训练节点 #003","kind":"gpu","gpu_model":"B200","gpu_count":8,"nic":"CX-7","status":"ok","tdp_kw":11.0,"cpu_model":"Intel Xeon Platinum 8480+","cpu_sockets":2,"ram_gb":2048,"storage_tb":30,"gpu_mem_gb":192,"form_factor":"HGX 8-GPU 4U"},{"id":"srv-train-004","name":"训练节点 #004","kind":"gpu","gpu_model":"B200","gpu_count":8,"nic":"CX-7","status":"ok","tdp_kw":11.0,"cpu_model":"Intel Xeon Platinum 8480+","cpu_sockets":2,"ram_gb":2048,"storage_tb":30,"gpu_mem_gb":192,"form_factor":"HGX 8-GPU 4U"}]},{"id":"R02","name":"训练机柜 2","status":"ok","rack_u":48,"rated_power_kw":60,"cooling":"直接液冷","tor_switch":"Mellanox SN5600","location":"B1-2-A-2","leaves":[{"id":"Leaf-02A","name":"R02-Rail1-4","status":"ok","fabric_id":"compute-net","port_count":48,"bandwidth_per_port_gbps":400,"uplinks":[{"spine":"Spine-1","util_pct":45,"lanes":2,"bandwidth_gbps":400},{"spine":"Spine-2","util_pct":47,"lanes":2,"bandwidth_gbps":400},{"spine":"Spine-3","util_pct":49,"lanes":2,"bandwidth_gbps":400},{"spine":"Spine-4","util_pct":51,"lanes":2,"bandwidth_gbps":400}]},{"id":"Leaf-02B","name":"R02-Rail5-8","status":"ok","fabric_id":"compute-net","port_count":48,"bandwidth_per_port_gbps":400,"uplinks":[{"spine":"Spine-5","util_pct":40,"lanes":2,"bandwidth_gbps":400},{"spine":"Spine-6","util_pct":42,"lanes":2,"bandwidth_gbps":400},{"spine":"Spine-7","util_pct":44,"lanes":2,"bandwidth_gbps":400},{"spine":"Spine-8","util_pct":46,"lanes":2,"bandwidth_gbps":400}]}],"servers":[{"id":"srv-train-005","name":"训练节点 #005","kind":"gpu","gpu_model":"B200","gpu_count":8,"nic":"CX-7","status":"ok","tdp_kw":11.0,"cpu_model":"Intel Xeon Platinum 8480+","cpu_sockets":2,"ram_gb":2048,"storage_tb":30,"gpu_mem_gb":192,"form_factor":"HGX 8-GPU 4U"},{"id":"srv-train-006","name":"训练节点 #006","kind":"gpu","gpu_model":"B200","gpu_count":8,"nic":"CX-7","status":"ok","tdp_kw":11.0,"cpu_model":"Intel Xeon Platinum 8480+","cpu_sockets":2,"ram_gb":2048,"storage_tb":30,"gpu_mem_gb":192,"form_factor":"HGX 8-GPU 4U"},{"id":"srv-train-007","name":"训练节点 #007","kind":"gpu","gpu_model":"B200","gpu_count":8,"nic":"CX-7","status":"ok","tdp_kw":11.0,"cpu_model":"Intel Xeon Platinum 8480+","cpu_sockets":2,"ram_gb":2048,"storage_tb":30,"gpu_mem_gb":192,"form_factor":"HGX 8-GPU 4U"},{"id":"srv-train-008","name":"训练节点 #008","kind":"gpu","gpu_model":"B200","gpu_count":8,"nic":"CX-7","status":"ok","tdp_kw":11.0,"cpu_model":"Intel Xeon Platinum 8480+","cpu_sockets":2,"ram_gb":2048,"storage_tb":30,"gpu_mem_gb":192,"form_factor":"HGX 8-GPU 4U"}]},{"id":"R03","name":"训练机柜 3","status":"ok","rack_u":48,"rated_power_kw":60,"cooling":"直接液冷","tor_switch":"Mellanox SN5600","location":"B1-2-A-3","leaves":[{"id":"Leaf-03A","name":"R03-Rail1-4","status":"ok","fabric_id":"compute-net","port_count":48,"bandwidth_per_port_gbps":400,"uplinks":[{"spine":"Spine-1","util_pct":49,"lanes":2,"bandwidth_gbps":400},{"spine":"Spine-2","util_pct":51,"lanes":2,"bandwidth_gbps":400},{"spine":"Spine-3","util_pct":53,"lanes":2,"bandwidth_gbps":400},{"spine":"Spine-4","util_pct":55,"lanes":2,"bandwidth_gbps":400}]},{"id":"Leaf-03B","name":"R03-Rail5-8","status":"ok","fabric_id":"compute-net","port_count":48,"bandwidth_per_port_gbps":400,"uplinks":[{"spine":"Spine-5","util_pct":44,"lanes":2,"bandwidth_gbps":400},{"spine":"Spine-6","util_pct":46,"lanes":2,"bandwidth_gbps":400},{"spine":"Spine-7","util_pct":48,"lanes":2,"bandwidth_gbps":400},{"spine":"Spine-8","util_pct":50,"lanes":2,"bandwidth_gbps":400}]}],"servers":[{"id":"srv-train-009","name":"训练节点 #009","kind":"gpu","gpu_model":"B200","gpu_count":8,"nic":"CX-7","status":"ok","tdp_kw":11.0,"cpu_model":"Intel Xeon Platinum 8480+","cpu_sockets":2,"ram_gb":2048,"storage_tb":30,"gpu_mem_gb":192,"form_factor":"HGX 8-GPU 4U"},{"id":"srv-train-010","name":"训练节点 #010","kind":"gpu","gpu_model":"B200","gpu_count":8,"nic":"CX-7","status":"ok","tdp_kw":11.0,"cpu_model":"Intel Xeon Platinum 8480+","cpu_sockets":2,"ram_gb":2048,"storage_tb":30,"gpu_mem_gb":192,"form_factor":"HGX 8-GPU 4U"},{"id":"srv-train-011","name":"训练节点 #011","kind":"gpu","gpu_model":"B200","gpu_count":8,"nic":"CX-7","status":"ok","tdp_kw":11.0,"cpu_model":"Intel Xeon Platinum 8480+","cpu_sockets":2,"ram_gb":2048,"storage_tb":30,"gpu_mem_gb":192,"form_factor":"HGX 8-GPU 4U"},{"id":"srv-train-012","name":"训练节点 #012","kind":"gpu","gpu_model":"B200","gpu_count":8,"nic":"CX-7","status":"ok","tdp_kw":11.0,"cpu_model":"Intel Xeon Platinum 8480+","cpu_sockets":2,"ram_gb":2048,"storage_tb":30,"gpu_mem_gb":192,"form_factor":"HGX 8-GPU 4U"}]},{"id":"R04","name":"训练机柜 4","status":"ok","rack_u":48,"rated_power_kw":60,"cooling":"直接液冷","tor_switch":"Mellanox SN5600","location":"B1-2-A-4","leaves":[{"id":"Leaf-04A","name":"R04-Rail1-4","status":"ok","fabric_id":"compute-net","port_count":48,"bandwidth_per_port_gbps":400,"uplinks":[{"spine":"Spine-1","util_pct":53,"lanes":2,"bandwidth_gbps":400},{"spine":"Spine-2","util_pct":55,"lanes":2,"bandwidth_gbps":400},{"spine":"Spine-3","util_pct":57,"lanes":2,"bandwidth_gbps":400},{"spine":"Spine-4","util_pct":59,"lanes":2,"bandwidth_gbps":400}]},{"id":"Leaf-04B","name":"R04-Rail5-8","status":"ok","fabric_id":"compute-net","port_count":48,"bandwidth_per_port_gbps":400,"uplinks":[{"spine":"Spine-5","util_pct":48,"lanes":2,"bandwidth_gbps":400},{"spine":"Spine-6","util_pct":50,"lanes":2,"bandwidth_gbps":400},{"spine":"Spine-7","util_pct":52,"lanes":2,"bandwidth_gbps":400},{"spine":"Spine-8","util_pct":54,"lanes":2,"bandwidth_gbps":400}]}],"servers":[{"id":"srv-train-013","name":"训练节点 #013","kind":"gpu","gpu_model":"B200","gpu_count":8,"nic":"CX-7","status":"ok","tdp_kw":11.0,"cpu_model":"Intel Xeon Platinum 8480+","cpu_sockets":2,"ram_gb":2048,"storage_tb":30,"gpu_mem_gb":192,"form_factor":"HGX 8-GPU 4U"},{"id":"srv-train-014","name":"训练节点 #014","kind":"gpu","gpu_model":"B200","gpu_count":8,"nic":"CX-7","status":"ok","tdp_kw":11.0,"cpu_model":"Intel Xeon Platinum 8480+","cpu_sockets":2,"ram_gb":2048,"storage_tb":30,"gpu_mem_gb":192,"form_factor":"HGX 8-GPU 4U"},{"id":"srv-train-015","name":"训练节点 #015","kind":"gpu","gpu_model":"B200","gpu_count":8,"nic":"CX-7","status":"ok","tdp_kw":11.0,"cpu_model":"Intel Xeon Platinum 8480+","cpu_sockets":2,"ram_gb":2048,"storage_tb":30,"gpu_mem_gb":192,"form_factor":"HGX 8-GPU 4U"},{"id":"srv-train-016","name":"训练节点 #016","kind":"gpu","gpu_model":"B200","gpu_count":8,"nic":"CX-7","status":"ok","tdp_kw":11.0,"cpu_model":"Intel Xeon Platinum 8480+","cpu_sockets":2,"ram_gb":2048,"storage_tb":30,"gpu_mem_gb":192,"form_factor":"HGX 8-GPU 4U"}]},{"id":"R05","name":"训练机柜 5","status":"ok","rack_u":48,"rated_power_kw":60,"cooling":"直接液冷","tor_switch":"Mellanox SN5600","location":"B1-2-A-5","leaves":[{"id":"Leaf-05A","name":"R05-Rail1-4","status":"ok","fabric_id":"compute-net","port_count":48,"bandwidth_per_port_gbps":400,"uplinks":[{"spine":"Spine-1","util_pct":57,"lanes":2,"bandwidth_gbps":400},{"spine":"Spine-2","util_pct":59,"lanes":2,"bandwidth_gbps":400},{"spine":"Spine-3","util_pct":61,"lanes":2,"bandwidth_gbps":400},{"spine":"Spine-4","util_pct":63,"lanes":2,"bandwidth_gbps":400}]},{"id":"Leaf-05B","name":"R05-Rail5-8","status":"ok","fabric_id":"compute-net","port_count":48,"bandwidth_per_port_gbps":400,"uplinks":[{"spine":"Spine-5","util_pct":52,"lanes":2,"bandwidth_gbps":400},{"spine":"Spine-6","util_pct":54,"lanes":2,"bandwidth_gbps":400},{"spine":"Spine-7","util_pct":56,"lanes":2,"bandwidth_gbps":400},{"spine":"Spine-8","util_pct":58,"lanes":2,"bandwidth_gbps":400}]}],"servers":[{"id":"srv-train-017","name":"训练节点 #017","kind":"gpu","gpu_model":"B200","gpu_count":8,"nic":"CX-7","status":"ok","tdp_kw":11.0,"cpu_model":"Intel Xeon Platinum 8480+","cpu_sockets":2,"ram_gb":2048,"storage_tb":30,"gpu_mem_gb":192,"form_factor":"HGX 8-GPU 4U"},{"id":"srv-train-018","name":"训练节点 #018","kind":"gpu","gpu_model":"B200","gpu_count":8,"nic":"CX-7","status":"ok","tdp_kw":11.0,"cpu_model":"Intel Xeon Platinum 8480+","cpu_sockets":2,"ram_gb":2048,"storage_tb":30,"gpu_mem_gb":192,"form_factor":"HGX 8-GPU 4U"},{"id":"srv-train-019","name":"训练节点 #019","kind":"gpu","gpu_model":"B200","gpu_count":8,"nic":"CX-7","status":"ok","tdp_kw":11.0,"cpu_model":"Intel Xeon Platinum 8480+","cpu_sockets":2,"ram_gb":2048,"storage_tb":30,"gpu_mem_gb":192,"form_factor":"HGX 8-GPU 4U"},{"id":"srv-train-020","name":"训练节点 #020","kind":"gpu","gpu_model":"B200","gpu_count":8,"nic":"CX-7","status":"ok","tdp_kw":11.0,"cpu_model":"Intel Xeon Platinum 8480+","cpu_sockets":2,"ram_gb":2048,"storage_tb":30,"gpu_mem_gb":192,"form_factor":"HGX 8-GPU 4U"}]},{"id":"R06","name":"训练机柜 6","status":"ok","rack_u":48,"rated_power_kw":60,"cooling":"直接液冷","tor_switch":"Mellanox SN5600","location":"B1-2-A-6","leaves":[{"id":"Leaf-06A","name":"R06-Rail1-4","status":"ok","fabric_id":"compute-net","port_count":48,"bandwidth_per_port_gbps":400,"uplinks":[{"spine":"Spine-1","util_pct":61,"lanes":2,"bandwidth_gbps":400},{"spine":"Spine-2","util_pct":63,"lanes":2,"bandwidth_gbps":400},{"spine":"Spine-3","util_pct":65,"lanes":2,"bandwidth_gbps":400},{"spine":"Spine-4","util_pct":67,"lanes":2,"bandwidth_gbps":400}]},{"id":"Leaf-06B","name":"R06-Rail5-8","status":"ok","fabric_id":"compute-net","port_count":48,"bandwidth_per_port_gbps":400,"uplinks":[{"spine":"Spine-5","util_pct":56,"lanes":2,"bandwidth_gbps":400},{"spine":"Spine-6","util_pct":58,"lanes":2,"bandwidth_gbps":400},{"spine":"Spine-7","util_pct":60,"lanes":2,"bandwidth_gbps":400},{"spine":"Spine-8","util_pct":62,"lanes":2,"bandwidth_gbps":400}]}],"servers":[{"id":"srv-train-021","name":"训练节点 #021","kind":"gpu","gpu_model":"B200","gpu_count":8,"nic":"CX-7","status":"ok","tdp_kw":11.0,"cpu_model":"Intel Xeon Platinum 8480+","cpu_sockets":2,"ram_gb":2048,"storage_tb":30,"gpu_mem_gb":192,"form_factor":"HGX 8-GPU 4U"},{"id":"srv-train-022","name":"训练节点 #022","kind":"gpu","gpu_model":"B200","gpu_count":8,"nic":"CX-7","status":"ok","tdp_kw":11.0,"cpu_model":"Intel Xeon Platinum 8480+","cpu_sockets":2,"ram_gb":2048,"storage_tb":30,"gpu_mem_gb":192,"form_factor":"HGX 8-GPU 4U"},{"id":"srv-train-023","name":"训练节点 #023","kind":"gpu","gpu_model":"B200","gpu_count":8,"nic":"CX-7","status":"ok","tdp_kw":11.0,"cpu_model":"Intel Xeon Platinum 8480+","cpu_sockets":2,"ram_gb":2048,"storage_tb":30,"gpu_mem_gb":192,"form_factor":"HGX 8-GPU 4U"},{"id":"srv-train-024","name":"训练节点 #024","kind":"gpu","gpu_model":"B200","gpu_count":8,"nic":"CX-7","status":"ok","tdp_kw":11.0,"cpu_model":"Intel Xeon Platinum 8480+","cpu_sockets":2,"ram_gb":2048,"storage_tb":30,"gpu_mem_gb":192,"form_factor":"HGX 8-GPU 4U"}]},{"id":"R07","name":"训练机柜 7","status":"ok","rack_u":48,"rated_power_kw":60,"cooling":"直接液冷","tor_switch":"Mellanox SN5600","location":"B1-2-A-7","leaves":[{"id":"Leaf-07A","name":"R07-Rail1-4","status":"ok","fabric_id":"compute-net","port_count":48,"bandwidth_per_port_gbps":400,"uplinks":[{"spine":"Spine-1","util_pct":65,"lanes":2,"bandwidth_gbps":400},{"spine":"Spine-2","util_pct":67,"lanes":2,"bandwidth_gbps":400},{"spine":"Spine-3","util_pct":69,"lanes":2,"bandwidth_gbps":400},{"spine":"Spine-4","util_pct":71,"lanes":2,"bandwidth_gbps":400}]},{"id":"Leaf-07B","name":"R07-Rail5-8","status":"ok","fabric_id":"compute-net","port_count":48,"bandwidth_per_port_gbps":400,"uplinks":[{"spine":"Spine-5","util_pct":60,"lanes":2,"bandwidth_gbps":400},{"spine":"Spine-6","util_pct":62,"lanes":2,"bandwidth_gbps":400},{"spine":"Spine-7","util_pct":64,"lanes":2,"bandwidth_gbps":400},{"spine":"Spine-8","util_pct":66,"lanes":2,"bandwidth_gbps":400}]}],"servers":[{"id":"srv-train-025","name":"训练节点 #025","kind":"gpu","gpu_model":"B200","gpu_count":8,"nic":"CX-7","status":"ok","tdp_kw":11.0,"cpu_model":"Intel Xeon Platinum 8480+","cpu_sockets":2,"ram_gb":2048,"storage_tb":30,"gpu_mem_gb":192,"form_factor":"HGX 8-GPU 4U"},{"id":"srv-train-026","name":"训练节点 #026","kind":"gpu","gpu_model":"B200","gpu_count":8,"nic":"CX-7","status":"ok","tdp_kw":11.0,"cpu_model":"Intel Xeon Platinum 8480+","cpu_sockets":2,"ram_gb":2048,"storage_tb":30,"gpu_mem_gb":192,"form_factor":"HGX 8-GPU 4U"},{"id":"srv-train-027","name":"训练节点 #027","kind":"gpu","gpu_model":"B200","gpu_count":8,"nic":"CX-7","status":"ok","tdp_kw":11.0,"cpu_model":"Intel Xeon Platinum 8480+","cpu_sockets":2,"ram_gb":2048,"storage_tb":30,"gpu_mem_gb":192,"form_factor":"HGX 8-GPU 4U"},{"id":"srv-train-028","name":"训练节点 #028","kind":"gpu","gpu_model":"B200","gpu_count":8,"nic":"CX-7","status":"ok","tdp_kw":11.0,"cpu_model":"Intel Xeon Platinum 8480+","cpu_sockets":2,"ram_gb":2048,"storage_tb":30,"gpu_mem_gb":192,"form_factor":"HGX 8-GPU 4U"}]},{"id":"R08","name":"训练机柜 8","status":"ok","rack_u":48,"rated_power_kw":60,"cooling":"直接液冷","tor_switch":"Mellanox SN5600","location":"B1-2-A-8","leaves":[{"id":"Leaf-08A","name":"R08-Rail1-4","status":"ok","fabric_id":"compute-net","port_count":48,"bandwidth_per_port_gbps":400,"uplinks":[{"spine":"Spine-1","util_pct":69,"lanes":2,"bandwidth_gbps":400},{"spine":"Spine-2","util_pct":71,"lanes":2,"bandwidth_gbps":400},{"spine":"Spine-3","util_pct":73,"lanes":2,"bandwidth_gbps":400},{"spine":"Spine-4","util_pct":75,"lanes":2,"bandwidth_gbps":400}]},{"id":"Leaf-08B","name":"R08-Rail5-8","status":"ok","fabric_id":"compute-net","port_count":48,"bandwidth_per_port_gbps":400,"uplinks":[{"spine":"Spine-5","util_pct":64,"lanes":2,"bandwidth_gbps":400},{"spine":"Spine-6","util_pct":66,"lanes":2,"bandwidth_gbps":400},{"spine":"Spine-7","util_pct":68,"lanes":2,"bandwidth_gbps":400},{"spine":"Spine-8","util_pct":70,"lanes":2,"bandwidth_gbps":400}]}],"servers":[{"id":"srv-train-029","name":"训练节点 #029","kind":"gpu","gpu_model":"B200","gpu_count":8,"nic":"CX-7","status":"ok","tdp_kw":11.0,"cpu_model":"Intel Xeon Platinum 8480+","cpu_sockets":2,"ram_gb":2048,"storage_tb":30,"gpu_mem_gb":192,"form_factor":"HGX 8-GPU 4U"},{"id":"srv-train-030","name":"训练节点 #030","kind":"gpu","gpu_model":"B200","gpu_count":8,"nic":"CX-7","status":"ok","tdp_kw":11.0,"cpu_model":"Intel Xeon Platinum 8480+","cpu_sockets":2,"ram_gb":2048,"storage_tb":30,"gpu_mem_gb":192,"form_factor":"HGX 8-GPU 4U"},{"id":"srv-train-031","name":"训练节点 #031","kind":"gpu","gpu_model":"B200","gpu_count":8,"nic":"CX-7","status":"ok","tdp_kw":11.0,"cpu_model":"Intel Xeon Platinum 8480+","cpu_sockets":2,"ram_gb":2048,"storage_tb":30,"gpu_mem_gb":192,"form_factor":"HGX 8-GPU 4U"},{"id":"srv-train-032","name":"训练节点 #032","kind":"gpu","gpu_model":"B200","gpu_count":8,"nic":"CX-7","status":"ok","tdp_kw":11.0,"cpu_model":"Intel Xeon Platinum 8480+","cpu_sockets":2,"ram_gb":2048,"storage_tb":30,"gpu_mem_gb":192,"form_factor":"HGX 8-GPU 4U"}]}]},{"id":"C02","name":"推理 / 微调集群 (64× H200)","purpose":"推理","topology":"spine-leaf","interconnect":"InfiniBand NDR · 400 Gbps","pue":1.2,"scale_up_domains":[{"id":"sud-srv-inf-001","name":"HGX-NVSwitch-001","kind":"nvlink-switch","bandwidth_gbps":900,"intra_topology":"switch","switch_count":4,"members":[{"server_id":"srv-inf-001"}]},{"id":"sud-srv-inf-002","name":"HGX-NVSwitch-002","kind":"nvlink-switch","bandwidth_gbps":900,"intra_topology":"switch","switch_count":4,"members":[{"server_id":"srv-inf-002"}]},{"id":"sud-srv-inf-003","name":"HGX-NVSwitch-003","kind":"nvlink-switch","bandwidth_gbps":900,"intra_topology":"switch","switch_count":4,"members":[{"server_id":"srv-inf-003"}]},{"id":"sud-srv-inf-004","name":"HGX-NVSwitch-004","kind":"nvlink-switch","bandwidth_gbps":900,"intra_topology":"switch","switch_count":4,"members":[{"server_id":"srv-inf-004"}]},{"id":"sud-srv-inf-005","name":"HGX-NVSwitch-005","kind":"nvlink-switch","bandwidth_gbps":900,"intra_topology":"switch","switch_count":4,"members":[{"server_id":"srv-inf-005"}]},{"id":"sud-srv-inf-006","name":"HGX-NVSwitch-006","kind":"nvlink-switch","bandwidth_gbps":900,"intra_topology":"switch","switch_count":4,"members":[{"server_id":"srv-inf-006"}]},{"id":"sud-srv-inf-007","name":"HGX-NVSwitch-007","kind":"nvlink-switch","bandwidth_gbps":900,"intra_topology":"switch","switch_count":4,"members":[{"server_id":"srv-inf-007"}]},{"id":"sud-srv-inf-008","name":"HGX-NVSwitch-008","kind":"nvlink-switch","bandwidth_gbps":900,"intra_topology":"switch","switch_count":4,"members":[{"server_id":"srv-inf-008"}]}],"racks":[{"id":"R09","name":"推理机柜 1","status":"ok","rack_u":48,"rated_power_kw":35,"cooling":"液冷","tor_switch":"Mellanox SN5600","location":"B1-2-B-1","leaves":[{"id":"Leaf-09","name":"R09-uniform","status":"ok","fabric_id":"compute-net","port_count":48,"bandwidth_per_port_gbps":400,"uplinks":[{"spine":"Spine-1","util_pct":30,"lanes":1,"bandwidth_gbps":400},{"spine":"Spine-2","util_pct":30,"lanes":1,"bandwidth_gbps":400},{"spine":"Spine-3","util_pct":30,"lanes":1,"bandwidth_gbps":400},{"spine":"Spine-4","util_pct":30,"lanes":1,"bandwidth_gbps":400},{"spine":"Spine-5","util_pct":30,"lanes":1,"bandwidth_gbps":400},{"spine":"Spine-6","util_pct":30,"lanes":1,"bandwidth_gbps":400},{"spine":"Spine-7","util_pct":30,"lanes":1,"bandwidth_gbps":400},{"spine":"Spine-8","util_pct":30,"lanes":1,"bandwidth_gbps":400}]}],"servers":[{"id":"srv-inf-001","name":"推理节点 #001","kind":"gpu","gpu_model":"H200","gpu_count":8,"nic":"CX-7","status":"ok","tdp_kw":6.5,"cpu_model":"Intel Xeon Platinum 8480+","cpu_sockets":2,"ram_gb":2048,"storage_tb":30,"gpu_mem_gb":141,"form_factor":"HGX 8-GPU 4U"},{"id":"srv-inf-002","name":"推理节点 #002","kind":"gpu","gpu_model":"H200","gpu_count":8,"nic":"CX-7","status":"ok","tdp_kw":6.5,"cpu_model":"Intel Xeon Platinum 8480+","cpu_sockets":2,"ram_gb":2048,"storage_tb":30,"gpu_mem_gb":141,"form_factor":"HGX 8-GPU 4U"},{"id":"srv-inf-003","name":"推理节点 #003","kind":"gpu","gpu_model":"H200","gpu_count":8,"nic":"CX-7","status":"ok","tdp_kw":6.5,"cpu_model":"Intel Xeon Platinum 8480+","cpu_sockets":2,"ram_gb":2048,"storage_tb":30,"gpu_mem_gb":141,"form_factor":"HGX 8-GPU 4U"},{"id":"srv-inf-004","name":"推理节点 #004","kind":"gpu","gpu_model":"H200","gpu_count":8,"nic":"CX-7","status":"ok","tdp_kw":6.5,"cpu_model":"Intel Xeon Platinum 8480+","cpu_sockets":2,"ram_gb":2048,"storage_tb":30,"gpu_mem_gb":141,"form_factor":"HGX 8-GPU 4U"}]},{"id":"R10","name":"推理机柜 2","status":"ok","rack_u":48,"rated_power_kw":35,"cooling":"液冷","tor_switch":"Mellanox SN5600","location":"B1-2-B-2","leaves":[{"id":"Leaf-10","name":"R10-uniform","status":"ok","fabric_id":"compute-net","port_count":48,"bandwidth_per_port_gbps":400,"uplinks":[{"spine":"Spine-1","util_pct":35,"lanes":1,"bandwidth_gbps":400},{"spine":"Spine-2","util_pct":35,"lanes":1,"bandwidth_gbps":400},{"spine":"Spine-3","util_pct":35,"lanes":1,"bandwidth_gbps":400},{"spine":"Spine-4","util_pct":35,"lanes":1,"bandwidth_gbps":400},{"spine":"Spine-5","util_pct":35,"lanes":1,"bandwidth_gbps":400},{"spine":"Spine-6","util_pct":35,"lanes":1,"bandwidth_gbps":400},{"spine":"Spine-7","util_pct":35,"lanes":1,"bandwidth_gbps":400},{"spine":"Spine-8","util_pct":35,"lanes":1,"bandwidth_gbps":400}]}],"servers":[{"id":"srv-inf-005","name":"推理节点 #005","kind":"gpu","gpu_model":"H200","gpu_count":8,"nic":"CX-7","status":"ok","tdp_kw":6.5,"cpu_model":"Intel Xeon Platinum 8480+","cpu_sockets":2,"ram_gb":2048,"storage_tb":30,"gpu_mem_gb":141,"form_factor":"HGX 8-GPU 4U"},{"id":"srv-inf-006","name":"推理节点 #006","kind":"gpu","gpu_model":"H200","gpu_count":8,"nic":"CX-7","status":"ok","tdp_kw":6.5,"cpu_model":"Intel Xeon Platinum 8480+","cpu_sockets":2,"ram_gb":2048,"storage_tb":30,"gpu_mem_gb":141,"form_factor":"HGX 8-GPU 4U"},{"id":"srv-inf-007","name":"推理节点 #007","kind":"gpu","gpu_model":"H200","gpu_count":8,"nic":"CX-7","status":"ok","tdp_kw":6.5,"cpu_model":"Intel Xeon Platinum 8480+","cpu_sockets":2,"ram_gb":2048,"storage_tb":30,"gpu_mem_gb":141,"form_factor":"HGX 8-GPU 4U"},{"id":"srv-inf-008","name":"推理节点 #008","kind":"gpu","gpu_model":"H200","gpu_count":8,"nic":"CX-7","status":"ok","tdp_kw":6.5,"cpu_model":"Intel Xeon Platinum 8480+","cpu_sockets":2,"ram_gb":2048,"storage_tb":30,"gpu_mem_gb":141,"form_factor":"HGX 8-GPU 4U"}]}]}]}}'::jsonb),
  ('0000000000000000000000000000000000000102', 'model_moe256e', NULL, 'v2',
    '{"model_name":"Llama-3.1-405B","family":"Dense Transformer","params":"405B (dense)","layers":126,"hidden":16384,"intermediate":53248,"heads":128,"kv_heads":8,"head_dim":128,"vocab":128256,"seq_len":8192,"max_context":131072,"rope_theta":500000,"quant":"weight FP8 (E4M3) / KV BF16 / optimizer FP32","activation":"SwiGLU","norm":"RMSNorm","attention":"GQA 128:8 (16:1 KV ratio)","released":"2024-07","license":"Llama 3.1 Community License","training_tokens":"15.6T (pretraining)","reference":"https://ai.meta.com/blog/meta-llama-3-1/"}'::jsonb),
  ('0000000000000000000000000000000000000202', 'strategy_moescan', NULL, 'v2',
    '{"strategy_name":"Astra-sim · Llama-3.1-405B / 256× B200","engine_target":"astra-sim","TP":[1,2,4,8,16],"PP":[1,2,4,8],"EP":[1],"CP":[1],"recompute":["selective"],"overlap":["1F1B"],"constraints":{"power_kw":3500,"target_mfu_pct":50,"max_step_ms":150000},"best_sofar":{"TP":8,"PP":8,"EP":1,"CP":1,"recompute":"selective","overlap":"1F1B","data_parallel":4,"comment":"TP=8 在 NVLink-5 域内打满；PP=8 跨 8 节点；DP=4 把 256 卡填满"}}'::jsonb),
  ('0000000000000000000000000000000000000301', 'workload_train', NULL, 'v1',
    '{"mode":"training","model_target":"Llama-3.1-405B","engine_target":"astra-sim","workload_family":"transformer-dense","tokens":"15.6T (Llama 3.1 paper · 全量预训练)","batch":{"global":4096,"micro":1,"grad_accum":256},"seq_len":8192,"quant":"FP8 (E4M3) weight + BF16 activation","optimizer":"AdamW · β1=0.9 β2=0.95 · lr 8e-5 cosine · warmup 8000","checkpoint":"每 30 分钟 · 异步 S3 (按 PP 分片上传)","failure":"GPU MTBF 60h · 自动回滚到上一 checkpoint","precision_notes":"FP8 计算 + BF16 累加 + FP32 master 权重"}'::jsonb);

-- ===== Runs =====
-- Parent: H200 baseline (done)
INSERT INTO bs_run (id, project_id, kind, title, status, progress_pct, inputs_hash, surrogate_ver, confidence, parent_run_id, started_at, finished_at, kpis, artifacts, boundaries, created_by) VALUES
  ('sim-7e90', 'p_default', 'train', 'H200 基线 · MoE-256E', 'done', NULL,
    '00000000000000000000000000000000deadbe01', 'v2.3', 0.96, NULL,
    NOW() - INTERVAL '3 weeks', NOW() - INTERVAL '3 weeks' + INTERVAL '4 hours',
    '{"mfu_pct":45.2,"step_ms":2080,"cost_per_m_tok_usd":0.46,"train_days":15.2}'::jsonb,
    '[]'::jsonb, '[]'::jsonb, 'songwenjun');

-- Current: sim-7f2a (running)
INSERT INTO bs_run (id, project_id, kind, title, status, progress_pct, inputs_hash, surrogate_ver, confidence, parent_run_id, budget_gpuh, started_at, kpis, artifacts, boundaries, created_by) VALUES
  ('sim-7f2a', 'p_default', 'train', 'MoE-256E 策略扫描', 'running', 73.0,
    '00000000000000000000000000000000deadbe7f', 'v2.4', 0.94, 'sim-7e90', 38,
    NOW() - INTERVAL '2 hours',
    '{"mfu_pct":48.7,"step_ms":1840,"cost_per_m_tok_usd":0.41,"train_days":12.4}'::jsonb,
    '[
      {"name":"Timeline 切片 (Perfetto JSON)","file":"timeline.json","bytes":3984588,"icon":"📈"},
      {"name":"Pareto 点云（512 候选）","file":"pareto.json","bytes":120832,"icon":"🔬"},
      {"name":"Top-5 精度复核","file":"topk.json","bytes":43008,"icon":"🏆"},
      {"name":"Roofline 数据集","file":"roofline.json","bytes":16384,"icon":"📐"},
      {"name":"结果 JSON（完整）","file":"result.json","bytes":2516582,"icon":"🧾"},
      {"name":"输入快照（hash 4a7f…）","file":"snapshot.json","bytes":18432,"icon":"🔁"},
      {"name":"引擎日志","file":"engine.log","bytes":49283072,"icon":"📜"}
    ]'::jsonb,
    '[
      {"level":"ok","text":"硬件 × 模型组合在 Profile A+ 覆盖区"},
      {"level":"ok","text":"策略扫描在训练主路径 · MAPE 预估 3.2%"},
      {"level":"warn","text":"EP=16 候选命中 OOD · 已 flag 并在 Top-K 中排除"},
      {"level":"info","text":"边界声明：本 Run 输出为技术侧参考，不构成采购决策。结果基于代理模型 v2.4 在 Profile 批次 #238 下的拟合，未纳入供应链 / 交付周期 / 维保 / 税务。单 Token 成本估算仅含电费 + 冷却 + 计算折旧，最终以财务口径为准。"}
    ]'::jsonb,
    'songwenjun');

-- Children
INSERT INTO bs_run (id, project_id, kind, title, status, inputs_hash, surrogate_ver, confidence, parent_run_id, started_at, finished_at, kpis, created_by) VALUES
  ('sim-7f2a-d1', 'p_default', 'tco',   '运营成本估算延伸',  'done',   '00000000000000000000000000000000deadbed1', 'v2.4', 0.93, 'sim-7f2a',
    NOW() - INTERVAL '90 minutes', NOW() - INTERVAL '60 minutes',
    '{"five_year_opex_musd":61.4}'::jsonb, 'songwenjun'),
  ('sim-7f2a-d2', 'p_default', 'train', 'GB300 对比',        'queued', '00000000000000000000000000000000deadbed2', 'v2.4', 0.71, 'sim-7f2a',
    NULL, NULL,
    '{}'::jsonb, 'lihaoran'),
  ('sim-7f2a-d3', 'p_default', 'train', '依赖 HwSpec v3 · stale', 'done',  '00000000000000000000000000000000deadbed3', 'v2.3', 0.92, 'sim-7f2a',
    NOW() - INTERVAL '4 days', NOW() - INTERVAL '4 days' + INTERVAL '2 hours',
    '{"mfu_pct":46.1,"step_ms":1920}'::jsonb, 'zhangmo');

-- ===== run uses spec_version =====
INSERT INTO bs_run_uses_spec (run_id, spec_hash) VALUES
  -- sim-7e90 used HwSpec v3, model v2, strategy v2, workload v1
  ('sim-7e90',    '0000000000000000000000000000000000000003'),
  ('sim-7e90',    '0000000000000000000000000000000000000102'),
  ('sim-7e90',    '0000000000000000000000000000000000000202'),
  ('sim-7e90',    '0000000000000000000000000000000000000301'),
  -- sim-7f2a uses HwSpec v4 + the rest
  ('sim-7f2a',    '0000000000000000000000000000000000000004'),
  ('sim-7f2a',    '0000000000000000000000000000000000000102'),
  ('sim-7f2a',    '0000000000000000000000000000000000000202'),
  ('sim-7f2a',    '0000000000000000000000000000000000000301'),
  ('sim-7f2a-d1', '0000000000000000000000000000000000000004'),
  ('sim-7f2a-d1', '0000000000000000000000000000000000000102'),
  ('sim-7f2a-d1', '0000000000000000000000000000000000000202'),
  ('sim-7f2a-d1', '0000000000000000000000000000000000000301'),
  ('sim-7f2a-d2', '0000000000000000000000000000000000000004'),
  ('sim-7f2a-d2', '0000000000000000000000000000000000000102'),
  ('sim-7f2a-d2', '0000000000000000000000000000000000000202'),
  ('sim-7f2a-d2', '0000000000000000000000000000000000000301'),
  -- sim-7f2a-d3 still pinned to HwSpec v3 → stale once latest moved to v4
  ('sim-7f2a-d3', '0000000000000000000000000000000000000003'),
  ('sim-7f2a-d3', '0000000000000000000000000000000000000102'),
  ('sim-7f2a-d3', '0000000000000000000000000000000000000202'),
  ('sim-7f2a-d3', '0000000000000000000000000000000000000301');

-- ===== Lineage edges =====
INSERT INTO bs_lineage_edge (src_kind, src_id, dst_kind, dst_id, rel) VALUES
  ('run','sim-7f2a','run','sim-7e90','derived_from'),
  ('run','sim-7f2a-d1','run','sim-7f2a','derived_from'),
  ('run','sim-7f2a-d2','run','sim-7f2a','derived_from'),
  ('run','sim-7f2a-d3','run','sim-7f2a','derived_from'),
  ('run','sim-7f2a','calibration','cal-238','calibrated_by');
